{"cameraMode":{"drawMode":0,"name":"Shaded","section":"Shading Mode"},"sceneLighting":false,"audioPlay":false,"sceneViewState":{"showFog":true,"showMaterialUpdate":false,"showSkybox":false,"showFlares":true,"showImageEffects":true,"showParticleSystems":true},"in2DMode":false,"pivot":{"x":0.8299999833106995,"y":0.5400000214576721,"z":-5.769999980926514},"rotation":{"x":-0.1573970913887024,"y":0.12319069355726242,"z":-0.019793333485722543,"w":-0.9796216487884522},"size":0.29154765605926516,"orthographic":false}